run_id,class,vus,repeat,start_epoch,end_epoch,exit_code,drop_caches
10MB-v1-r1,10MB,1,1,1790637230,1790637292,0,0
10MB-v4-r1,10MB,4,1,1790637305,1790637368,0,0
10MB-v16-r1,10MB,16,1,1790637381,1790637444,0,0
10MB-v64-r1,10MB,64,1,1790637457,1790637520,0,0
100MB-v1-r1,100MB,1,1,1790637533,1790637596,0,0
100MB-v4-r1,100MB,4,1,1790637609,1790637671,0,0
100MB-v16-r1,100MB,16,1,1790637685,1790637748,0,0
100MB-v64-r1,100MB,64,1,1790637761,1790637824,0,0
1GB-v1-r1,1GB,1,1,1790637838,1790637900,0,0
1GB-v4-r1,1GB,4,1,1790637914,1790637977,0,0
1GB-v16-r1,1GB,16,1,1790637990,1790638055,0,0
1GB-v64-r1,1GB,64,1,1790638070,1790638140,0,0
